season,league,date_char,score1,score2,team1,team2
2015,Serie A,22-Aug-15,1,1,Hellas Verona,Roma
2015,Serie A,22-Aug-15,2,1,Lazio,Bologna
2015,Serie A,23-Aug-15,1,3,Empoli,Chievo Verona
2015,Serie A,23-Aug-15,2,0,Fiorentina,Milan
2015,Serie A,23-Aug-15,1,2,Frosinone,Torino
2015,Serie A,23-Aug-15,1,0,Inter Milan,Atalanta
2015,Serie A,23-Aug-15,0,1,Juventus,Udinese
2015,Serie A,23-Aug-15,1,0,Palermo,Genoa
2015,Serie A,23-Aug-15,5,2,Sampdoria,Carpi
2015,Serie A,23-Aug-15,2,1,Sassuolo,Napoli
2015,Serie A,29-Aug-15,0,1,Bologna,Sassuolo
2015,Serie A,29-Aug-15,2,1,Milan,Empoli
2015,Serie A,30-Aug-15,2,0,Atalanta,Frosinone
2015,Serie A,30-Aug-15,1,2,Carpi,Inter Milan
2015,Serie A,30-Aug-15,4,0,Chievo Verona,Lazio
2015,Serie A,30-Aug-15,2,0,Genoa,Hellas Verona
2015,Serie A,30-Aug-15,2,2,Napoli,Sampdoria
2015,Serie A,30-Aug-15,2,1,Roma,Juventus
2015,Serie A,30-Aug-15,3,1,Torino,Fiorentina
2015,Serie A,30-Aug-15,0,1,Udinese,Palermo
2015,Serie A,12-Sep-15,1,0,Fiorentina,Genoa
2015,Serie A,12-Sep-15,0,2,Frosinone,Roma
2015,Serie A,12-Sep-15,1,1,Juventus,Chievo Verona
2015,Serie A,13-Sep-15,2,2,Empoli,Napoli
2015,Serie A,13-Sep-15,2,2,Hellas Verona,Torino
2015,Serie A,13-Sep-15,1,0,Inter Milan,Milan
2015,Serie A,13-Sep-15,2,0,Lazio,Udinese
2015,Serie A,13-Sep-15,2,2,Palermo,Carpi
2015,Serie A,13-Sep-15,2,2,Sassuolo,Atalanta
2015,Serie A,14-Sep-15,2,0,Sampdoria,Bologna
2015,Serie A,19-Sep-15,3,2,Milan,Palermo
2015,Serie A,19-Sep-15,1,2,Udinese,Empoli
2015,Serie A,20-Sep-15,1,1,Atalanta,Hellas Verona
2015,Serie A,20-Sep-15,1,0,Bologna,Frosinone
2015,Serie A,20-Sep-15,0,1,Carpi,Fiorentina
2015,Serie A,20-Sep-15,0,1,Chievo Verona,Inter Milan
2015,Serie A,20-Sep-15,0,2,Genoa,Juventus
2015,Serie A,20-Sep-15,5,0,Napoli,Lazio
2015,Serie A,20-Sep-15,2,2,Roma,Sassuolo
2015,Serie A,20-Sep-15,2,0,Torino,Sampdoria
2015,Serie A,22-Sep-15,2,3,Udinese,Milan
2015,Serie A,23-Sep-15,0,0,Carpi,Napoli
2015,Serie A,23-Sep-15,1,0,Chievo Verona,Torino
2015,Serie A,23-Sep-15,2,0,Fiorentina,Bologna
2015,Serie A,23-Sep-15,1,0,Inter Milan,Hellas Verona
2015,Serie A,23-Sep-15,1,1,Juventus,Frosinone
2015,Serie A,23-Sep-15,2,0,Lazio,Genoa
2015,Serie A,23-Sep-15,0,1,Palermo,Sassuolo
2015,Serie A,23-Sep-15,2,1,Sampdoria,Roma
2015,Serie A,24-Sep-15,0,1,Empoli,Atalanta
2015,Serie A,26-Sep-15,2,1,Napoli,Juventus
2015,Serie A,26-Sep-15,5,1,Roma,Carpi
2015,Serie A,27-Sep-15,1,2,Bologna,Udinese
2015,Serie A,27-Sep-15,1,0,Genoa,Milan
2015,Serie A,27-Sep-15,1,2,Hellas Verona,Lazio
2015,Serie A,27-Sep-15,1,4,Inter Milan,Fiorentina
2015,Serie A,27-Sep-15,1,1,Sassuolo,Chievo Verona
2015,Serie A,27-Sep-15,2,1,Torino,Palermo
2015,Serie A,28-Sep-15,2,1,Atalanta,Sampdoria
2015,Serie A,28-Sep-15,2,0,Frosinone,Empoli
2015,Serie A,3-Oct-15,2,1,Carpi,Torino
2015,Serie A,3-Oct-15,1,1,Chievo Verona,Hellas Verona
2015,Serie A,4-Oct-15,1,0,Empoli,Sassuolo
2015,Serie A,4-Oct-15,3,0,Fiorentina,Atalanta
2015,Serie A,4-Oct-15,3,1,Juventus,Bologna
2015,Serie A,4-Oct-15,2,0,Lazio,Frosinone
2015,Serie A,4-Oct-15,0,4,Milan,Napoli
2015,Serie A,4-Oct-15,2,4,Palermo,Roma
2015,Serie A,4-Oct-15,1,1,Sampdoria,Inter Milan
2015,Serie A,4-Oct-15,1,1,Udinese,Genoa
2015,Serie A,17-Oct-15,3,1,Roma,Empoli
2015,Serie A,17-Oct-15,1,1,Torino,Milan
2015,Serie A,18-Oct-15,3,0,Atalanta,Carpi
2015,Serie A,18-Oct-15,0,1,Bologna,Palermo
2015,Serie A,18-Oct-15,2,0,Frosinone,Sampdoria
2015,Serie A,18-Oct-15,3,2,Genoa,Chievo Verona
2015,Serie A,18-Oct-15,1,1,Hellas Verona,Udinese
2015,Serie A,18-Oct-15,0,0,Inter Milan,Juventus
2015,Serie A,18-Oct-15,2,1,Napoli,Fiorentina
2015,Serie A,18-Oct-15,2,1,Sassuolo,Lazio
2015,Serie A,24-Oct-15,1,2,Carpi,Bologna
2015,Serie A,24-Oct-15,2,0,Empoli,Genoa
2015,Serie A,24-Oct-15,1,1,Palermo,Inter Milan
2015,Serie A,25-Oct-15,0,1,Chievo Verona,Napoli
2015,Serie A,25-Oct-15,1,2,Fiorentina,Roma
2015,Serie A,25-Oct-15,2,0,Juventus,Atalanta
2015,Serie A,25-Oct-15,3,0,Lazio,Torino
2015,Serie A,25-Oct-15,2,1,Milan,Sassuolo
2015,Serie A,25-Oct-15,4,1,Sampdoria,Hellas Verona
2015,Serie A,25-Oct-15,1,0,Udinese,Frosinone
2015,Serie A,27-Oct-15,0,1,Bologna,Inter Milan
2015,Serie A,28-Oct-15,2,1,Atalanta,Lazio
2015,Serie A,28-Oct-15,2,1,Frosinone,Carpi
2015,Serie A,28-Oct-15,0,2,Hellas Verona,Fiorentina
2015,Serie A,28-Oct-15,1,0,Milan,Chievo Verona
2015,Serie A,28-Oct-15,2,0,Napoli,Palermo
2015,Serie A,28-Oct-15,3,1,Roma,Udinese
2015,Serie A,28-Oct-15,1,0,Sassuolo,Juventus
2015,Serie A,28-Oct-15,3,3,Torino,Genoa
2015,Serie A,29-Oct-15,1,1,Sampdoria,Empoli
2015,Serie A,31-Oct-15,1,0,Inter Milan,Roma
2015,Serie A,31-Oct-15,2,1,Juventus,Torino
2015,Serie A,1-Nov-15,3,0,Bologna,Atalanta
2015,Serie A,1-Nov-15,0,0,Carpi,Hellas Verona
2015,Serie A,1-Nov-15,4,1,Fiorentina,Frosinone
2015,Serie A,1-Nov-15,0,0,Genoa,Napoli
2015,Serie A,1-Nov-15,1,3,Lazio,Milan
2015,Serie A,1-Nov-15,0,0,Udinese,Sassuolo
2015,Serie A,2-Nov-15,1,1,Chievo Verona,Sampdoria
2015,Serie A,2-Nov-15,0,1,Palermo,Empoli
2015,Serie A,7-Nov-15,0,2,Hellas Verona,Bologna
2015,Serie A,7-Nov-15,0,0,Milan,Atalanta
2015,Serie A,8-Nov-15,1,3,Empoli,Juventus
2015,Serie A,8-Nov-15,2,2,Frosinone,Genoa
2015,Serie A,8-Nov-15,1,0,Napoli,Udinese
2015,Serie A,8-Nov-15,1,0,Palermo,Chievo Verona
2015,Serie A,8-Nov-15,2,0,Roma,Lazio
2015,Serie A,8-Nov-15,0,2,Sampdoria,Fiorentina
2015,Serie A,8-Nov-15,1,0,Sassuolo,Carpi
2015,Serie A,8-Nov-15,0,1,Torino,Inter Milan
2015,Serie A,21-Nov-15,2,2,Bologna,Roma
2015,Serie A,21-Nov-15,1,0,Juventus,Milan
2015,Serie A,22-Nov-15,0,1,Atalanta,Torino
2015,Serie A,22-Nov-15,1,2,Carpi,Chievo Verona
2015,Serie A,22-Nov-15,2,2,Fiorentina,Empoli
2015,Serie A,22-Nov-15,2,1,Genoa,Sassuolo
2015,Serie A,22-Nov-15,0,2,Hellas Verona,Napoli
2015,Serie A,22-Nov-15,4,0,Inter Milan,Frosinone
2015,Serie A,22-Nov-15,1,1,Lazio,Palermo
2015,Serie A,22-Nov-15,1,0,Udinese,Sampdoria
2015,Serie A,28-Nov-15,4,1,Milan,Sampdoria
2015,Serie A,28-Nov-15,2,0,Torino,Bologna
2015,Serie A,29-Nov-15,2,3,Chievo Verona,Udinese
2015,Serie A,29-Nov-15,1,0,Empoli,Lazio
2015,Serie A,29-Nov-15,3,2,Frosinone,Hellas Verona
2015,Serie A,29-Nov-15,1,2,Genoa,Carpi
2015,Serie A,29-Nov-15,0,3,Palermo,Juventus
2015,Serie A,29-Nov-15,0,2,Roma,Atalanta
2015,Serie A,30-Nov-15,2,1,Napoli,Inter Milan
2015,Serie A,30-Nov-15,1,1,Sassuolo,Fiorentina
2015,Serie A,4-Dec-15,0,2,Lazio,Juventus
2015,Serie A,5-Dec-15,1,0,Inter Milan,Genoa
2015,Serie A,5-Dec-15,1,1,Torino,Roma
2015,Serie A,6-Dec-15,3,0,Atalanta,Palermo
2015,Serie A,6-Dec-15,3,2,Bologna,Napoli
2015,Serie A,6-Dec-15,0,0,Carpi,Milan
2015,Serie A,6-Dec-15,3,0,Fiorentina,Udinese
2015,Serie A,6-Dec-15,0,2,Frosinone,Chievo Verona
2015,Serie A,6-Dec-15,0,1,Hellas Verona,Empoli
2015,Serie A,6-Dec-15,1,3,Sampdoria,Sassuolo
2015,Serie A,12-Dec-15,0,1,Genoa,Bologna
2015,Serie A,12-Dec-15,4,1,Palermo,Frosinone
2015,Serie A,12-Dec-15,0,4,Udinese,Inter Milan
2015,Serie A,13-Dec-15,1,0,Chievo Verona,Atalanta
2015,Serie A,13-Dec-15,3,0,Empoli,Carpi
2015,Serie A,13-Dec-15,3,1,Juventus,Fiorentina
2015,Serie A,13-Dec-15,1,1,Milan,Hellas Verona
2015,Serie A,13-Dec-15,0,0,Napoli,Roma
2015,Serie A,14-Dec-15,1,1,Lazio,Sampdoria
2015,Serie A,19-Dec-15,2,3,Bologna,Empoli
2015,Serie A,20-Dec-15,1,3,Atalanta,Napoli
2015,Serie A,20-Dec-15,2,3,Carpi,Juventus
2015,Serie A,20-Dec-15,2,0,Fiorentina,Chievo Verona
2015,Serie A,20-Dec-15,2,4,Frosinone,Milan
2015,Serie A,20-Dec-15,1,1,Hellas Verona,Sassuolo
2015,Serie A,20-Dec-15,1,2,Inter Milan,Lazio
2015,Serie A,20-Dec-15,2,0,Roma,Genoa
2015,Serie A,20-Dec-15,2,0,Sampdoria,Palermo
2015,Serie A,20-Dec-15,0,1,Torino,Udinese
2015,Serie A,5-Jan-16,2,3,Genoa,Sampdoria
2015,Serie A,6-Jan-16,3,3,Chievo Verona,Roma
2015,Serie A,6-Jan-16,0,1,Empoli,Inter Milan
2015,Serie A,6-Jan-16,3,0,Juventus,Hellas Verona
2015,Serie A,6-Jan-16,0,0,Lazio,Carpi
2015,Serie A,6-Jan-16,0,1,Milan,Bologna
2015,Serie A,6-Jan-16,2,1,Napoli,Torino
2015,Serie A,6-Jan-16,1,3,Palermo,Fiorentina
2015,Serie A,6-Jan-16,2,2,Sassuolo,Frosinone
2015,Serie A,6-Jan-16,2,1,Udinese,Atalanta
2015,Serie A,9-Jan-16,2,1,Carpi,Udinese
2015,Serie A,9-Jan-16,1,3,Fiorentina,Lazio
2015,Serie A,9-Jan-16,1,1,Roma,Milan
2015,Serie A,10-Jan-16,0,2,Atalanta,Genoa
2015,Serie A,10-Jan-16,0,1,Bologna,Chievo Verona
2015,Serie A,10-Jan-16,1,5,Frosinone,Napoli
2015,Serie A,10-Jan-16,0,1,Hellas Verona,Palermo
2015,Serie A,10-Jan-16,0,1,Inter Milan,Sassuolo
2015,Serie A,10-Jan-16,1,2,Sampdoria,Juventus
2015,Serie A,10-Jan-16,0,1,Torino,Empoli
2015,Serie A,16-Jan-16,1,1,Atalanta,Inter Milan
2015,Serie A,16-Jan-16,3,1,Napoli,Sassuolo
2015,Serie A,16-Jan-16,4,2,Torino,Frosinone
2015,Serie A,17-Jan-16,2,2,Bologna,Lazio
2015,Serie A,17-Jan-16,2,1,Carpi,Sampdoria
2015,Serie A,17-Jan-16,1,1,Chievo Verona,Empoli
2015,Serie A,17-Jan-16,4,0,Genoa,Palermo
2015,Serie A,17-Jan-16,2,0,Milan,Fiorentina
2015,Serie A,17-Jan-16,1,1,Roma,Hellas Verona
2015,Serie A,17-Jan-16,0,4,Udinese,Juventus
2015,Serie A,20-Jan-16,1,1,Sassuolo,Torino
2015,Serie A,23-Jan-16,2,2,Empoli,Milan
2015,Serie A,23-Jan-16,0,0,Frosinone,Atalanta
2015,Serie A,24-Jan-16,2,0,Fiorentina,Torino
2015,Serie A,24-Jan-16,1,1,Hellas Verona,Genoa
2015,Serie A,24-Jan-16,1,1,Inter Milan,Carpi
2015,Serie A,24-Jan-16,1,0,Juventus,Roma
2015,Serie A,24-Jan-16,4,1,Lazio,Chievo Verona
2015,Serie A,24-Jan-16,4,1,Palermo,Udinese
2015,Serie A,24-Jan-16,2,4,Sampdoria,Napoli
2015,Serie A,24-Jan-16,0,2,Sassuolo,Bologna
2015,Serie A,30-Jan-16,1,1,Atalanta,Sassuolo
2015,Serie A,30-Jan-16,1,1,Carpi,Palermo
2015,Serie A,30-Jan-16,3,1,Roma,Frosinone
2015,Serie A,31-Jan-16,3,2,Bologna,Sampdoria
2015,Serie A,31-Jan-16,0,4,Chievo Verona,Juventus
2015,Serie A,31-Jan-16,0,0,Genoa,Fiorentina
2015,Serie A,31-Jan-16,3,0,Milan,Inter Milan
2015,Serie A,31-Jan-16,5,1,Napoli,Empoli
2015,Serie A,31-Jan-16,0,0,Torino,Hellas Verona
2015,Serie A,31-Jan-16,0,0,Udinese,Lazio
2015,Serie A,2-Feb-16,0,2,Sassuolo,Roma
2015,Serie A,3-Feb-16,1,1,Empoli,Udinese
2015,Serie A,3-Feb-16,2,1,Fiorentina,Carpi
2015,Serie A,3-Feb-16,1,0,Frosinone,Bologna
2015,Serie A,3-Feb-16,2,1,Hellas Verona,Atalanta
2015,Serie A,3-Feb-16,1,0,Inter Milan,Chievo Verona
2015,Serie A,3-Feb-16,1,0,Juventus,Genoa
2015,Serie A,3-Feb-16,0,2,Lazio,Napoli
2015,Serie A,3-Feb-16,0,2,Palermo,Milan
2015,Serie A,3-Feb-16,2,2,Sampdoria,Torino
2015,Serie A,6-Feb-16,1,1,Bologna,Fiorentina
2015,Serie A,6-Feb-16,0,0,Genoa,Lazio
2015,Serie A,7-Feb-16,0,0,Atalanta,Empoli
2015,Serie A,7-Feb-16,0,2,Frosinone,Juventus
2015,Serie A,7-Feb-16,3,3,Hellas Verona,Inter Milan
2015,Serie A,7-Feb-16,1,1,Milan,Udinese
2015,Serie A,7-Feb-16,1,0,Napoli,Carpi
2015,Serie A,7-Feb-16,2,1,Roma,Sampdoria
2015,Serie A,7-Feb-16,2,2,Sassuolo,Palermo
2015,Serie A,7-Feb-16,1,2,Torino,Chievo Verona
2015,Serie A,11-Feb-16,5,2,Lazio,Hellas Verona
2015,Serie A,12-Feb-16,1,3,Carpi,Roma
2015,Serie A,13-Feb-16,1,1,Chievo Verona,Sassuolo
2015,Serie A,13-Feb-16,1,2,Empoli,Frosinone
2015,Serie A,13-Feb-16,1,0,Juventus,Napoli
2015,Serie A,14-Feb-16,2,1,Fiorentina,Inter Milan
2015,Serie A,14-Feb-16,2,1,Milan,Genoa
2015,Serie A,14-Feb-16,1,3,Palermo,Torino
2015,Serie A,14-Feb-16,0,0,Sampdoria,Atalanta
2015,Serie A,14-Feb-16,0,1,Udinese,Bologna
2015,Serie A,19-Feb-16,0,0,Bologna,Juventus
2015,Serie A,20-Feb-16,3,1,Hellas Verona,Chievo Verona
2015,Serie A,20-Feb-16,3,1,Inter Milan,Sampdoria
2015,Serie A,21-Feb-16,2,3,Atalanta,Fiorentina
2015,Serie A,21-Feb-16,0,0,Frosinone,Lazio
2015,Serie A,21-Feb-16,2,1,Genoa,Udinese
2015,Serie A,21-Feb-16,5,0,Roma,Palermo
2015,Serie A,21-Feb-16,3,2,Sassuolo,Empoli
2015,Serie A,21-Feb-16,0,0,Torino,Carpi
2015,Serie A,22-Feb-16,1,1,Napoli,Milan
2015,Serie A,27-Feb-16,1,3,Empoli,Roma
2015,Serie A,27-Feb-16,1,0,Milan,Torino
2015,Serie A,28-Feb-16,1,1,Carpi,Atalanta
2015,Serie A,28-Feb-16,1,0,Chievo Verona,Genoa
2015,Serie A,28-Feb-16,2,0,Juventus,Inter Milan
2015,Serie A,28-Feb-16,0,0,Palermo,Bologna
2015,Serie A,28-Feb-16,2,0,Sampdoria,Frosinone
2015,Serie A,28-Feb-16,2,0,Udinese,Hellas Verona
2015,Serie A,29-Feb-16,1,1,Fiorentina,Napoli
2015,Serie A,29-Feb-16,0,2,Lazio,Sassuolo
2015,Serie A,4-Mar-16,4,1,Roma,Fiorentina
2015,Serie A,5-Mar-16,0,3,Hellas Verona,Sampdoria
2015,Serie A,5-Mar-16,3,1,Napoli,Chievo Verona
2015,Serie A,6-Mar-16,0,2,Atalanta,Juventus
2015,Serie A,6-Mar-16,0,0,Bologna,Carpi
2015,Serie A,6-Mar-16,2,0,Frosinone,Udinese
2015,Serie A,6-Mar-16,1,0,Genoa,Empoli
2015,Serie A,6-Mar-16,3,1,Inter Milan,Palermo
2015,Serie A,6-Mar-16,2,0,Sassuolo,Milan
2015,Serie A,6-Mar-16,1,1,Torino,Lazio
2015,Serie A,11-Mar-16,1,0,Juventus,Sassuolo
2015,Serie A,12-Mar-16,1,1,Empoli,Sampdoria
2015,Serie A,12-Mar-16,2,1,Inter Milan,Bologna
2015,Serie A,13-Mar-16,2,1,Carpi,Frosinone
2015,Serie A,13-Mar-16,0,0,Chievo Verona,Milan
2015,Serie A,13-Mar-16,1,1,Fiorentina,Hellas Verona
2015,Serie A,13-Mar-16,3,2,Genoa,Torino
2015,Serie A,13-Mar-16,2,0,Lazio,Atalanta
2015,Serie A,13-Mar-16,0,1,Palermo,Napoli
2015,Serie A,13-Mar-16,1,2,Udinese,Roma
2015,Serie A,19-Mar-16,0,0,Empoli,Palermo
2015,Serie A,19-Mar-16,1,1,Roma,Inter Milan
2015,Serie A,20-Mar-16,2,0,Atalanta,Bologna
2015,Serie A,20-Mar-16,0,0,Frosinone,Fiorentina
2015,Serie A,20-Mar-16,1,2,Hellas Verona,Carpi
2015,Serie A,20-Mar-16,1,1,Milan,Lazio
2015,Serie A,20-Mar-16,3,1,Napoli,Genoa
2015,Serie A,20-Mar-16,0,1,Sampdoria,Chievo Verona
2015,Serie A,20-Mar-16,1,1,Sassuolo,Udinese
2015,Serie A,20-Mar-16,1,4,Torino,Juventus
2015,Serie A,2-Apr-16,1,3,Carpi,Sassuolo
2015,Serie A,2-Apr-16,1,0,Juventus,Empoli
2015,Serie A,3-Apr-16,2,1,Atalanta,Milan
2015,Serie A,3-Apr-16,3,1,Chievo Verona,Palermo
2015,Serie A,3-Apr-16,1,1,Fiorentina,Sampdoria
2015,Serie A,3-Apr-16,4,0,Genoa,Frosinone
2015,Serie A,3-Apr-16,1,2,Inter Milan,Torino
2015,Serie A,3-Apr-16,1,4,Lazio,Roma
2015,Serie A,3-Apr-16,3,1,Udinese,Napoli
2015,Serie A,4-Apr-16,0,1,Bologna,Hellas Verona
2015,Serie A,9-Apr-16,1,0,Chievo Verona,Carpi
2015,Serie A,9-Apr-16,0,1,Frosinone,Inter Milan
2015,Serie A,9-Apr-16,1,2,Milan,Juventus
2015,Serie A,9-Apr-16,0,1,Sassuolo,Genoa
2015,Serie A,10-Apr-16,2,0,Empoli,Fiorentina
2015,Serie A,10-Apr-16,3,0,Napoli,Hellas Verona
2015,Serie A,10-Apr-16,0,3,Palermo,Lazio
2015,Serie A,10-Apr-16,2,0,Sampdoria,Udinese
2015,Serie A,10-Apr-16,2,1,Torino,Atalanta
2015,Serie A,11-Apr-16,1,1,Roma,Bologna
2015,Serie A,16-Apr-16,0,1,Bologna,Torino
2015,Serie A,16-Apr-16,4,1,Carpi,Genoa
2015,Serie A,16-Apr-16,2,0,Inter Milan,Napoli
2015,Serie A,17-Apr-16,3,3,Atalanta,Roma
2015,Serie A,17-Apr-16,3,1,Fiorentina,Sassuolo
2015,Serie A,17-Apr-16,1,2,Hellas Verona,Frosinone
2015,Serie A,17-Apr-16,4,0,Juventus,Palermo
2015,Serie A,17-Apr-16,2,0,Lazio,Empoli
2015,Serie A,17-Apr-16,0,1,Sampdoria,Milan
2015,Serie A,17-Apr-16,0,0,Udinese,Chievo Verona
2015,Serie A,19-Apr-16,6,0,Napoli,Bologna
2015,Serie A,20-Apr-16,5,1,Chievo Verona,Frosinone
2015,Serie A,20-Apr-16,1,0,Empoli,Hellas Verona
2015,Serie A,20-Apr-16,1,0,Genoa,Inter Milan
2015,Serie A,20-Apr-16,3,0,Juventus,Lazio
2015,Serie A,20-Apr-16,2,2,Palermo,Atalanta
2015,Serie A,20-Apr-16,3,2,Roma,Torino
2015,Serie A,20-Apr-16,0,0,Sassuolo,Sampdoria
2015,Serie A,20-Apr-16,2,1,Udinese,Fiorentina
2015,Serie A,21-Apr-16,0,0,Milan,Carpi
2015,Serie A,23-Apr-16,3,1,Inter Milan,Udinese
2015,Serie A,24-Apr-16,1,0,Atalanta,Chievo Verona
2015,Serie A,24-Apr-16,2,0,Bologna,Genoa
2015,Serie A,24-Apr-16,1,2,Fiorentina,Juventus
2015,Serie A,24-Apr-16,0,2,Frosinone,Palermo
2015,Serie A,24-Apr-16,2,1,Sampdoria,Lazio
2015,Serie A,24-Apr-16,1,3,Torino,Sassuolo
2015,Serie A,25-Apr-16,1,0,Carpi,Empoli
2015,Serie A,25-Apr-16,2,1,Hellas Verona,Milan
2015,Serie A,25-Apr-16,1,0,Roma,Napoli
2015,Serie A,30-Apr-16,0,0,Chievo Verona,Fiorentina
2015,Serie A,30-Apr-16,1,5,Udinese,Torino
2015,Serie A,1-May-16,0,0,Empoli,Bologna
2015,Serie A,1-May-16,2,0,Juventus,Carpi
2015,Serie A,1-May-16,2,0,Lazio,Inter Milan
2015,Serie A,1-May-16,3,3,Milan,Frosinone
2015,Serie A,1-May-16,2,0,Palermo,Sampdoria
2015,Serie A,1-May-16,1,0,Sassuolo,Hellas Verona
2015,Serie A,2-May-16,2,3,Genoa,Roma
2015,Serie A,2-May-16,2,1,Napoli,Atalanta
2015,Serie A,7-May-16,0,1,Bologna,Milan
2015,Serie A,7-May-16,2,1,Inter Milan,Empoli
2015,Serie A,8-May-16,1,1,Atalanta,Udinese
2015,Serie A,8-May-16,1,3,Carpi,Lazio
2015,Serie A,8-May-16,0,0,Fiorentina,Palermo
2015,Serie A,8-May-16,0,1,Frosinone,Sassuolo
2015,Serie A,8-May-16,2,1,Hellas Verona,Juventus
2015,Serie A,8-May-16,3,0,Roma,Chievo Verona
2015,Serie A,8-May-16,0,3,Sampdoria,Genoa
2015,Serie A,8-May-16,1,2,Torino,Napoli
2015,Serie A,14-May-16,5,0,Juventus,Sampdoria
2015,Serie A,14-May-16,1,3,Milan,Roma
2015,Serie A,14-May-16,4,0,Napoli,Frosinone
2015,Serie A,14-May-16,3,1,Sassuolo,Inter Milan
2015,Serie A,15-May-16,0,0,Chievo Verona,Bologna
2015,Serie A,15-May-16,2,1,Empoli,Torino
2015,Serie A,15-May-16,1,2,Genoa,Atalanta
2015,Serie A,15-May-16,2,4,Lazio,Fiorentina
2015,Serie A,15-May-16,3,2,Palermo,Hellas Verona
2015,Serie A,15-May-16,1,2,Udinese,Carpi
2015,Serie B,5-Sep-15,2,0,Cesena,Brescia
2015,Serie B,6-Sep-15,4,3,Bari,Spezia
2015,Serie B,6-Sep-15,4,0,Livorno,Pescara
2015,Serie B,6-Sep-15,0,1,Modena,Vicenza
2015,Serie B,6-Sep-15,1,1,Novara,Latina
2015,Serie B,6-Sep-15,2,0,Perugia,Como
2015,Serie B,6-Sep-15,2,1,Pro Vercelli,Virtus Lanciano
2015,Serie B,6-Sep-15,3,1,Salernitana,Avellino
2015,Serie B,6-Sep-15,3,0,Trapani,Ternana
2015,Serie B,7-Sep-15,4,0,Cagliari,Crotone
2015,Serie B,11-Sep-15,2,1,Pescara,Perugia
2015,Serie B,12-Sep-15,2,0,Avellino,Modena
2015,Serie B,12-Sep-15,2,2,Brescia,Salernitana
2015,Serie B,12-Sep-15,1,2,Como,Livorno
2015,Serie B,12-Sep-15,2,1,Crotone,Novara
2015,Serie B,12-Sep-15,1,1,Ternana,Cagliari
2015,Serie B,12-Sep-15,0,0,Vicenza,Bari
2015,Serie B,12-Sep-15,2,1,Virtus Entella,Cesena
2015,Serie B,12-Sep-15,2,0,Virtus Lanciano,Ascoli
2015,Serie B,13-Sep-15,1,1,Spezia,Pro Vercelli
2015,Serie B,14-Sep-15,1,1,Latina,Trapani
2015,Serie B,15-Sep-15,1,0,Ascoli,Virtus Entella
2015,Serie B,18-Sep-15,3,1,Livorno,Brescia
2015,Serie B,18-Sep-15,1,0,Modena,Ternana
2015,Serie B,19-Sep-15,1,3,Ascoli,Cesena
2015,Serie B,19-Sep-15,0,0,Bari,Pescara
2015,Serie B,19-Sep-15,2,1,Cagliari,Avellino
2015,Serie B,19-Sep-15,1,0,Novara,Virtus Entella
2015,Serie B,19-Sep-15,0,0,Perugia,Crotone
2015,Serie B,19-Sep-15,1,1,Pro Vercelli,Latina
2015,Serie B,19-Sep-15,0,2,Salernitana,Spezia
2015,Serie B,19-Sep-15,1,1,Trapani,Virtus Lanciano
2015,Serie B,19-Sep-15,3,3,Vicenza,Como
2015,Serie B,21-Sep-15,2,3,Ternana,Livorno
2015,Serie B,22-Sep-15,0,0,Avellino,Novara
2015,Serie B,22-Sep-15,2,0,Brescia,Pro Vercelli
2015,Serie B,22-Sep-15,2,0,Cesena,Modena
2015,Serie B,22-Sep-15,0,0,Como,Trapani
2015,Serie B,22-Sep-15,4,1,Crotone,Bari
2015,Serie B,22-Sep-15,1,0,Latina,Ascoli
2015,Serie B,22-Sep-15,1,1,Pescara,Salernitana
2015,Serie B,22-Sep-15,1,0,Spezia,Perugia
2015,Serie B,22-Sep-15,1,3,Virtus Entella,Cagliari
2015,Serie B,22-Sep-15,0,0,Virtus Lanciano,Vicenza
2015,Serie B,26-Sep-15,0,0,Ascoli,Brescia
2015,Serie B,26-Sep-15,3,2,Cagliari,Latina
2015,Serie B,26-Sep-15,1,2,Livorno,Spezia
2015,Serie B,26-Sep-15,1,0,Modena,Virtus Lanciano
2015,Serie B,26-Sep-15,0,0,Perugia,Cesena
2015,Serie B,26-Sep-15,0,2,Pro Vercelli,Crotone
2015,Serie B,26-Sep-15,2,1,Salernitana,Ternana
2015,Serie B,26-Sep-15,4,2,Trapani,Virtus Entella
2015,Serie B,26-Sep-15,2,2,Vicenza,Pescara
2015,Serie B,27-Sep-15,2,1,Bari,Avellino
2015,Serie B,28-Sep-15,0,2,Novara,Como
2015,Serie B,2-Oct-15,4,0,Crotone,Salernitana
2015,Serie B,3-Oct-15,1,4,Avellino,Vicenza
2015,Serie B,3-Oct-15,2,2,Brescia,Modena
2015,Serie B,3-Oct-15,1,0,Cesena,Livorno
2015,Serie B,3-Oct-15,0,4,Como,Ascoli
2015,Serie B,3-Oct-15,1,2,Latina,Bari
2015,Serie B,3-Oct-15,1,0,Pescara,Cagliari
2015,Serie B,3-Oct-15,2,0,Ternana,Novara
2015,Serie B,3-Oct-15,1,0,Virtus Entella,Pro Vercelli
2015,Serie B,3-Oct-15,0,0,Virtus Lanciano,Spezia
2015,Serie B,5-Oct-15,0,0,Trapani,Perugia
2015,Serie B,10-Oct-15,0,1,Pro Vercelli,Novara
2015,Serie B,10-Oct-15,0,0,Vicenza,Crotone
2015,Serie B,11-Oct-15,3,1,Ascoli,Pescara
2015,Serie B,11-Oct-15,1,0,Bari,Virtus Lanciano
2015,Serie B,11-Oct-15,3,1,Cagliari,Cesena
2015,Serie B,11-Oct-15,1,3,Como,Brescia
2015,Serie B,11-Oct-15,1,1,Livorno,Avellino
2015,Serie B,11-Oct-15,0,2,Modena,Latina
2015,Serie B,11-Oct-15,0,0,Perugia,Virtus Entella
2015,Serie B,11-Oct-15,0,1,Salernitana,Trapani
2015,Serie B,11-Oct-15,1,0,Spezia,Ternana
2015,Serie B,16-Oct-15,3,3,Avellino,Brescia
2015,Serie B,17-Oct-15,3,0,Crotone,Livorno
2015,Serie B,17-Oct-15,2,1,Modena,Ascoli
2015,Serie B,17-Oct-15,1,0,Novara,Cagliari
2015,Serie B,17-Oct-15,2,1,Pro Vercelli,Vicenza
2015,Serie B,17-Oct-15,3,0,Ternana,Bari
2015,Serie B,17-Oct-15,0,3,Trapani,Pescara
2015,Serie B,17-Oct-15,1,0,Virtus Entella,Salernitana
2015,Serie B,17-Oct-15,1,0,Virtus Lanciano,Como
2015,Serie B,18-Oct-15,2,1,Latina,Perugia
2015,Serie B,19-Oct-15,5,1,Cesena,Spezia
2015,Serie B,23-Oct-15,1,0,Pescara,Pro Vercelli
2015,Serie B,23-Oct-15,0,2,Vicenza,Novara
2015,Serie B,24-Oct-15,0,1,Ascoli,Crotone
2015,Serie B,24-Oct-15,0,0,Bari,Virtus Entella
2015,Serie B,24-Oct-15,2,1,Brescia,Virtus Lanciano
2015,Serie B,24-Oct-15,4,1,Cagliari,Trapani
2015,Serie B,24-Oct-15,1,1,Como,Latina
2015,Serie B,24-Oct-15,2,0,Livorno,Modena
2015,Serie B,24-Oct-15,1,1,Salernitana,Cesena
2015,Serie B,24-Oct-15,1,1,Spezia,Avellino
2015,Serie B,24-Oct-15,0,1,Ternana,Perugia
2015,Serie B,27-Oct-15,3,0,Avellino,Ascoli
2015,Serie B,27-Oct-15,3,1,Cesena,Como
2015,Serie B,27-Oct-15,1,1,Crotone,Brescia
2015,Serie B,27-Oct-15,1,2,Latina,Ternana
2015,Serie B,27-Oct-15,1,1,Modena,Spezia
2015,Serie B,27-Oct-15,0,0,Perugia,Cagliari
2015,Serie B,27-Oct-15,0,1,Pro Vercelli,Bari
2015,Serie B,27-Oct-15,1,2,Trapani,Vicenza
2015,Serie B,27-Oct-15,0,0,Virtus Entella,Livorno
2015,Serie B,27-Oct-15,2,2,Virtus Lanciano,Salernitana
2015,Serie B,31-Oct-15,0,1,Ascoli,Pro Vercelli
2015,Serie B,31-Oct-15,1,1,Bari,Novara
2015,Serie B,31-Oct-15,1,0,Brescia,Latina
2015,Serie B,31-Oct-15,2,0,Cesena,Virtus Lanciano
2015,Serie B,31-Oct-15,1,1,Como,Modena
2015,Serie B,31-Oct-15,2,0,Livorno,Trapani
2015,Serie B,31-Oct-15,4,1,Pescara,Crotone
2015,Serie B,31-Oct-15,1,1,Salernitana,Perugia
2015,Serie B,31-Oct-15,0,3,Ternana,Avellino
2015,Serie B,1-Nov-15,0,0,Spezia,Virtus Entella
2015,Serie B,2-Nov-15,2,0,Cagliari,Vicenza
2015,Serie B,3-Nov-15,1,0,Novara,Pescara
2015,Serie B,6-Nov-15,2,1,Bari,Salernitana
2015,Serie B,7-Nov-15,2,1,Cagliari,Modena
2015,Serie B,7-Nov-15,1,0,Latina,Cesena
2015,Serie B,7-Nov-15,4,0,Novara,Brescia
2015,Serie B,7-Nov-15,1,2,Pescara,Ternana
2015,Serie B,7-Nov-15,1,0,Pro Vercelli,Livorno
2015,Serie B,7-Nov-15,5,1,Trapani,Spezia
2015,Serie B,7-Nov-15,3,0,Vicenza,Ascoli
2015,Serie B,7-Nov-15,2,2,Virtus Entella,Como
2015,Serie B,8-Nov-15,2,0,Perugia,Virtus Lanciano
2015,Serie B,9-Nov-15,3,1,Crotone,Avellino
2015,Serie B,14-Nov-15,2,2,Livorno,Vicenza
2015,Serie B,14-Nov-15,1,0,Modena,Pro Vercelli
2015,Serie B,15-Nov-15,1,0,Ascoli,Perugia
2015,Serie B,15-Nov-15,3,1,Avellino,Latina
2015,Serie B,15-Nov-15,3,0,Brescia,Trapani
2015,Serie B,15-Nov-15,0,2,Cesena,Bari
2015,Serie B,15-Nov-15,0,2,Como,Pescara
2015,Serie B,15-Nov-15,1,0,Salernitana,Novara
2015,Serie B,15-Nov-15,0,3,Spezia,Cagliari
2015,Serie B,15-Nov-15,1,2,Ternana,Virtus Entella
2015,Serie B,15-Nov-15,1,1,Virtus Lanciano,Crotone
2015,Serie B,20-Nov-15,3,2,Pescara,Avellino
2015,Serie B,21-Nov-15,3,0,Crotone,Ternana
2015,Serie B,21-Nov-15,2,2,Latina,Salernitana
2015,Serie B,21-Nov-15,1,0,Novara,Spezia
2015,Serie B,21-Nov-15,4,0,Perugia,Brescia
2015,Serie B,21-Nov-15,2,0,Pro Vercelli,Como
2015,Serie B,21-Nov-15,2,1,Trapani,Modena
2015,Serie B,21-Nov-15,1,1,Vicenza,Cesena
2015,Serie B,21-Nov-15,1,1,Virtus Entella,Virtus Lanciano
2015,Serie B,22-Nov-15,1,0,Bari,Livorno
2015,Serie B,23-Nov-15,3,0,Cagliari,Ascoli
2015,Serie B,27-Nov-15,1,0,Cesena,Pescara
2015,Serie B,27-Nov-15,1,2,Salernitana,Pro Vercelli
2015,Serie B,27-Nov-15,0,1,Spezia,Crotone
2015,Serie B,28-Nov-15,1,2,Avellino,Perugia
2015,Serie B,28-Nov-15,4,0,Brescia,Cagliari
2015,Serie B,28-Nov-15,1,1,Como,Bari
2015,Serie B,28-Nov-15,0,1,Livorno,Novara
2015,Serie B,28-Nov-15,0,1,Modena,Virtus Entella
2015,Serie B,28-Nov-15,2,0,Ternana,Vicenza
2015,Serie B,28-Nov-15,2,1,Virtus Lanciano,Latina
2015,Serie B,29-Nov-15,0,0,Ascoli,Trapani
2015,Serie B,4-Dec-15,1,0,Perugia,Modena
2015,Serie B,4-Dec-15,0,0,Virtus Entella,Brescia
2015,Serie B,5-Dec-15,3,0,Bari,Ascoli
2015,Serie B,5-Dec-15,2,0,Crotone,Cesena
2015,Serie B,5-Dec-15,3,1,Latina,Livorno
2015,Serie B,5-Dec-15,4,1,Novara,Virtus Lanciano
2015,Serie B,5-Dec-15,2,2,Pescara,Spezia
2015,Serie B,5-Dec-15,1,2,Pro Vercelli,Ternana
2015,Serie B,5-Dec-15,2,1,Trapani,Avellino
2015,Serie B,6-Dec-15,1,1,Cagliari,Como
2015,Serie B,6-Dec-15,0,0,Vicenza,Salernitana
2015,Serie B,8-Dec-15,1,0,Ascoli,Ternana
2015,Serie B,8-Dec-15,1,0,Avellino,Pro Vercelli
2015,Serie B,8-Dec-15,2,0,Brescia,Pescara
2015,Serie B,8-Dec-15,0,0,Cesena,Trapani
2015,Serie B,8-Dec-15,2,1,Modena,Bari
2015,Serie B,8-Dec-15,1,4,Perugia,Novara
2015,Serie B,8-Dec-15,1,0,Virtus Entella,Latina
2015,Serie B,9-Dec-15,0,1,Como,Crotone
2015,Serie B,9-Dec-15,0,0,Livorno,Salernitana
2015,Serie B,9-Dec-15,1,0,Spezia,Vicenza
2015,Serie B,9-Dec-15,1,3,Virtus Lanciano,Cagliari
2015,Serie B,12-Dec-15,3,2,Avellino,Virtus Lanciano
2015,Serie B,12-Dec-15,1,1,Livorno,Cagliari
2015,Serie B,12-Dec-15,2,0,Pescara,Virtus Entella
2015,Serie B,12-Dec-15,2,0,Pro Vercelli,Cesena
2015,Serie B,12-Dec-15,2,0,Salernitana,Ascoli
2015,Serie B,12-Dec-15,2,1,Spezia,Latina
2015,Serie B,12-Dec-15,4,0,Ternana,Como
2015,Serie B,12-Dec-15,1,2,Vicenza,Brescia
2015,Serie B,13-Dec-15,1,0,Bari,Perugia
2015,Serie B,13-Dec-15,1,0,Crotone,Modena
2015,Serie B,14-Dec-15,4,1,Novara,Trapani
2015,Serie B,18-Dec-15,2,0,Modena,Salernitana
2015,Serie B,18-Dec-15,4,1,Perugia,Livorno
2015,Serie B,19-Dec-15,1,3,Ascoli,Novara
2015,Serie B,19-Dec-15,1,1,Brescia,Spezia
2015,Serie B,19-Dec-15,2,1,Cagliari,Bari
2015,Serie B,19-Dec-15,4,0,Cesena,Ternana
2015,Serie B,19-Dec-15,0,1,Como,Avellino
2015,Serie B,19-Dec-15,2,2,Latina,Crotone
2015,Serie B,19-Dec-15,1,1,Trapani,Pro Vercelli
2015,Serie B,19-Dec-15,4,1,Virtus Entella,Vicenza
2015,Serie B,19-Dec-15,1,2,Virtus Lanciano,Pescara
2015,Serie B,22-Dec-15,2,0,Avellino,Virtus Entella
2015,Serie B,23-Dec-15,1,2,Bari,Brescia
2015,Serie B,23-Dec-15,0,0,Crotone,Trapani
2015,Serie B,23-Dec-15,1,3,Livorno,Ascoli
2015,Serie B,23-Dec-15,0,0,Novara,Cesena
2015,Serie B,23-Dec-15,1,0,Pescara,Modena
2015,Serie B,23-Dec-15,0,1,Pro Vercelli,Perugia
2015,Serie B,23-Dec-15,1,1,Spezia,Como
2015,Serie B,23-Dec-15,1,1,Ternana,Virtus Lanciano
2015,Serie B,23-Dec-15,1,1,Vicenza,Latina
2015,Serie B,24-Dec-15,0,2,Salernitana,Cagliari
2015,Serie B,27-Dec-15,3,0,Ascoli,Spezia
2015,Serie B,27-Dec-15,0,0,Brescia,Ternana
2015,Serie B,27-Dec-15,3,0,Cagliari,Pro Vercelli
2015,Serie B,27-Dec-15,1,2,Cesena,Avellino
2015,Serie B,27-Dec-15,2,1,Como,Salernitana
2015,Serie B,27-Dec-15,0,1,Latina,Pescara
2015,Serie B,27-Dec-15,3,0,Modena,Novara
2015,Serie B,27-Dec-15,1,0,Trapani,Bari
2015,Serie B,27-Dec-15,1,2,Virtus Entella,Crotone
2015,Serie B,27-Dec-15,2,1,Virtus Lanciano,Livorno
2015,Serie B,15-Jan-16,0,0,Spezia,Bari
2015,Serie B,16-Jan-16,1,0,Avellino,Salernitana
2015,Serie B,16-Jan-16,1,0,Como,Perugia
2015,Serie B,16-Jan-16,1,0,Latina,Novara
2015,Serie B,16-Jan-16,2,1,Pescara,Livorno
2015,Serie B,16-Jan-16,1,0,Ternana,Trapani
2015,Serie B,16-Jan-16,2,1,Vicenza,Modena
2015,Serie B,16-Jan-16,1,0,Virtus Lanciano,Pro Vercelli
2015,Serie B,17-Jan-16,2,1,Brescia,Cesena
2015,Serie B,18-Jan-16,3,1,Crotone,Cagliari
2015,Serie B,18-Jan-16,4,0,Virtus Entella,Ascoli
2015,Serie B,19-Jan-16,0,1,Perugia,Vicenza
2015,Serie B,22-Jan-16,3,0,Salernitana,Brescia
2015,Serie B,23-Jan-16,1,0,Ascoli,Virtus Lanciano
2015,Serie B,23-Jan-16,2,1,Bari,Vicenza
2015,Serie B,23-Jan-16,1,0,Cagliari,Ternana
2015,Serie B,23-Jan-16,2,0,Cesena,Virtus Entella
2015,Serie B,23-Jan-16,1,1,Modena,Avellino
2015,Serie B,23-Jan-16,0,1,Novara,Crotone
2015,Serie B,23-Jan-16,0,1,Pro Vercelli,Spezia
2015,Serie B,23-Jan-16,1,2,Trapani,Latina
2015,Serie B,24-Jan-16,0,4,Perugia,Pescara
2015,Serie B,25-Jan-16,1,1,Livorno,Como
2015,Serie B,29-Jan-16,1,2,Avellino,Cagliari
2015,Serie B,30-Jan-16,1,3,Brescia,Livorno
2015,Serie B,30-Jan-16,3,0,Cesena,Ascoli
2015,Serie B,30-Jan-16,1,1,Como,Vicenza
2015,Serie B,30-Jan-16,1,2,Crotone,Perugia
2015,Serie B,30-Jan-16,1,0,Latina,Pro Vercelli
2015,Serie B,30-Jan-16,3,1,Pescara,Bari
2015,Serie B,30-Jan-16,2,1,Ternana,Modena
2015,Serie B,30-Jan-16,0,3,Virtus Lanciano,Trapani
2015,Serie B,31-Jan-16,1,0,Virtus Entella,Novara
2015,Serie B,1-Feb-16,3,1,Spezia,Salernitana
2015,Serie B,5-Feb-16,2,3,Bari,Crotone
2015,Serie B,6-Feb-16,0,0,Ascoli,Latina
2015,Serie B,6-Feb-16,1,0,Cagliari,Virtus Entella
2015,Serie B,6-Feb-16,1,0,Livorno,Ternana
2015,Serie B,6-Feb-16,4,1,Novara,Avellino
2015,Serie B,6-Feb-16,0,0,Perugia,Spezia
2015,Serie B,6-Feb-16,2,1,Pro Vercelli,Brescia
2015,Serie B,6-Feb-16,2,2,Salernitana,Pescara
2015,Serie B,6-Feb-16,0,2,Vicenza,Virtus Lanciano
2015,Serie B,7-Feb-16,0,0,Modena,Cesena
2015,Serie B,8-Feb-16,2,2,Trapani,Como
2015,Serie B,12-Feb-16,1,1,Pescara,Vicenza
2015,Serie B,13-Feb-16,1,1,Avellino,Bari
2015,Serie B,13-Feb-16,2,1,Cesena,Perugia
2015,Serie B,13-Feb-16,1,1,Como,Novara
2015,Serie B,13-Feb-16,1,1,Crotone,Pro Vercelli
2015,Serie B,13-Feb-16,1,3,Latina,Cagliari
2015,Serie B,13-Feb-16,4,0,Ternana,Salernitana
2015,Serie B,13-Feb-16,4,0,Virtus Entella,Trapani
2015,Serie B,13-Feb-16,2,1,Virtus Lanciano,Modena
2015,Serie B,14-Feb-16,3,0,Spezia,Livorno
2015,Serie B,15-Feb-16,2,2,Brescia,Ascoli
2015,Serie B,19-Feb-16,0,0,Bari,Latina
2015,Serie B,20-Feb-16,1,0,Ascoli,Como
2015,Serie B,20-Feb-16,2,1,Cagliari,Pescara
2015,Serie B,20-Feb-16,1,1,Livorno,Cesena
2015,Serie B,20-Feb-16,1,0,Modena,Brescia
2015,Serie B,20-Feb-16,1,2,Novara,Ternana
2015,Serie B,20-Feb-16,2,3,Pro Vercelli,Virtus Entella
2015,Serie B,20-Feb-16,2,0,Spezia,Virtus Lanciano
2015,Serie B,20-Feb-16,0,0,Vicenza,Avellino
2015,Serie B,21-Feb-16,1,1,Salernitana,Crotone
2015,Serie B,22-Feb-16,0,2,Perugia,Trapani
2015,Serie B,26-Feb-16,2,0,Cesena,Cagliari
2015,Serie B,26-Feb-16,1,1,Novara,Pro Vercelli
2015,Serie B,27-Feb-16,2,1,Avellino,Livorno
2015,Serie B,27-Feb-16,2,1,Brescia,Como
2015,Serie B,27-Feb-16,2,0,Crotone,Vicenza
2015,Serie B,27-Feb-16,0,1,Latina,Modena
2015,Serie B,27-Feb-16,2,2,Pescara,Ascoli
2015,Serie B,27-Feb-16,1,2,Ternana,Spezia
2015,Serie B,27-Feb-16,1,1,Trapani,Salernitana
2015,Serie B,27-Feb-16,2,1,Virtus Entella,Perugia
2015,Serie B,27-Feb-16,1,0,Virtus Lanciano,Bari
2015,Serie B,29-Feb-16,0,1,Cagliari,Novara
2015,Serie B,1-Mar-16,2,1,Ascoli,Modena
2015,Serie B,1-Mar-16,4,0,Bari,Ternana
2015,Serie B,1-Mar-16,1,0,Brescia,Avellino
2015,Serie B,1-Mar-16,1,1,Como,Virtus Lanciano
2015,Serie B,1-Mar-16,0,0,Livorno,Crotone
2015,Serie B,1-Mar-16,2,0,Perugia,Latina
2015,Serie B,1-Mar-16,1,2,Pescara,Trapani
2015,Serie B,1-Mar-16,2,2,Salernitana,Virtus Entella
2015,Serie B,1-Mar-16,1,1,Spezia,Cesena
2015,Serie B,1-Mar-16,1,1,Vicenza,Pro Vercelli
2015,Serie B,5-Mar-16,0,1,Avellino,Spezia
2015,Serie B,5-Mar-16,2,0,Crotone,Ascoli
2015,Serie B,5-Mar-16,1,1,Latina,Como
2015,Serie B,5-Mar-16,4,0,Novara,Vicenza
2015,Serie B,5-Mar-16,1,0,Perugia,Ternana
2015,Serie B,5-Mar-16,5,2,Pro Vercelli,Pescara
2015,Serie B,5-Mar-16,2,2,Trapani,Cagliari
2015,Serie B,5-Mar-16,2,0,Virtus Entella,Bari
2015,Serie B,5-Mar-16,1,0,Virtus Lanciano,Brescia
2015,Serie B,6-Mar-16,1,0,Modena,Livorno
2015,Serie B,7-Mar-16,1,2,Cesena,Salernitana
2015,Serie B,11-Mar-16,3,0,Brescia,Crotone
2015,Serie B,12-Mar-16,3,4,Ascoli,Avellino
2015,Serie B,12-Mar-16,6,2,Bari,Pro Vercelli
2015,Serie B,12-Mar-16,1,3,Como,Cesena
2015,Serie B,12-Mar-16,0,0,Livorno,Virtus Entella
2015,Serie B,12-Mar-16,1,2,Pescara,Novara
2015,Serie B,12-Mar-16,1,3,Salernitana,Virtus Lanciano
2015,Serie B,12-Mar-16,2,0,Spezia,Modena
2015,Serie B,12-Mar-16,0,0,Ternana,Latina
2015,Serie B,13-Mar-16,1,2,Vicenza,Trapani
2015,Serie B,14-Mar-16,0,2,Cagliari,Perugia
2015,Serie B,18-Mar-16,2,2,Virtus Entella,Spezia
2015,Serie B,19-Mar-16,2,2,Latina,Brescia
2015,Serie B,19-Mar-16,1,2,Modena,Como
2015,Serie B,19-Mar-16,1,2,Novara,Bari
2015,Serie B,19-Mar-16,1,1,Perugia,Salernitana
2015,Serie B,19-Mar-16,1,1,Pro Vercelli,Ascoli
2015,Serie B,19-Mar-16,1,0,Trapani,Livorno
2015,Serie B,19-Mar-16,0,2,Vicenza,Cagliari
2015,Serie B,19-Mar-16,2,0,Virtus Lanciano,Cesena
2015,Serie B,20-Mar-16,4,2,Crotone,Pescara
2015,Serie B,21-Mar-16,0,2,Avellino,Ternana
2015,Serie B,26-Mar-16,1,2,Ascoli,Vicenza
2015,Serie B,26-Mar-16,0,0,Avellino,Crotone
2015,Serie B,26-Mar-16,0,0,Brescia,Novara
2015,Serie B,26-Mar-16,3,0,Cesena,Latina
2015,Serie B,26-Mar-16,1,1,Como,Virtus Entella
2015,Serie B,26-Mar-16,0,1,Livorno,Pro Vercelli
2015,Serie B,26-Mar-16,1,2,Modena,Cagliari
2015,Serie B,26-Mar-16,3,4,Salernitana,Bari
2015,Serie B,26-Mar-16,1,2,Spezia,Trapani
2015,Serie B,26-Mar-16,1,0,Ternana,Pescara
2015,Serie B,26-Mar-16,0,1,Virtus Lanciano,Perugia
2015,Serie B,1-Apr-16,1,0,Crotone,Virtus Lanciano
2015,Serie B,2-Apr-16,1,2,Cagliari,Spezia
2015,Serie B,2-Apr-16,3,0,Latina,Avellino
2015,Serie B,2-Apr-16,0,2,Perugia,Ascoli
2015,Serie B,2-Apr-16,2,1,Pescara,Como
2015,Serie B,2-Apr-16,1,1,Pro Vercelli,Modena
2015,Serie B,2-Apr-16,3,0,Trapani,Brescia
2015,Serie B,2-Apr-16,2,0,Vicenza,Livorno
2015,Serie B,2-Apr-16,2,2,Virtus Entella,Ternana
2015,Serie B,3-Apr-16,1,1,Novara,Salernitana
2015,Serie B,4-Apr-16,0,0,Bari,Cesena
2015,Serie B,8-Apr-16,1,3,Avellino,Pescara
2015,Serie B,9-Apr-16,2,1,Ascoli,Cagliari
2015,Serie B,9-Apr-16,1,1,Cesena,Vicenza
2015,Serie B,9-Apr-16,1,2,Livorno,Bari
2015,Serie B,9-Apr-16,1,4,Modena,Trapani
2015,Serie B,9-Apr-16,3,2,Salernitana,Latina
2015,Serie B,9-Apr-16,1,0,Spezia,Novara
2015,Serie B,9-Apr-16,1,2,Ternana,Crotone
2015,Serie B,9-Apr-16,1,2,Virtus Lanciano,Virtus Entella
2015,Serie B,10-Apr-16,1,1,Como,Pro Vercelli
2015,Serie B,11-Apr-16,2,2,Brescia,Perugia
2015,Serie B,15-Apr-16,0,0,Crotone,Spezia
2015,Serie B,15-Apr-16,1,0,Pescara,Cesena
2015,Serie B,16-Apr-16,3,0,Bari,Como
2015,Serie B,16-Apr-16,6,0,Cagliari,Brescia
2015,Serie B,16-Apr-16,2,2,Latina,Virtus Lanciano
2015,Serie B,16-Apr-16,2,1,Novara,Livorno
2015,Serie B,16-Apr-16,2,0,Perugia,Avellino
2015,Serie B,16-Apr-16,1,1,Pro Vercelli,Salernitana
2015,Serie B,16-Apr-16,4,3,Trapani,Ascoli
2015,Serie B,16-Apr-16,2,1,Vicenza,Ternana
2015,Serie B,16-Apr-16,1,0,Virtus Entella,Modena
2015,Serie B,18-Apr-16,2,1,Cesena,Crotone
2015,Serie B,19-Apr-16,0,1,Ascoli,Bari
2015,Serie B,19-Apr-16,1,3,Avellino,Trapani
2015,Serie B,19-Apr-16,2,0,Brescia,Virtus Entella
2015,Serie B,19-Apr-16,1,1,Como,Cagliari
2015,Serie B,19-Apr-16,1,0,Livorno,Latina
2015,Serie B,19-Apr-16,3,0,Modena,Perugia
2015,Serie B,19-Apr-16,0,0,Salernitana,Vicenza
2015,Serie B,19-Apr-16,0,1,Spezia,Pescara
2015,Serie B,19-Apr-16,2,2,Ternana,Pro Vercelli
2015,Serie B,19-Apr-16,2,1,Virtus Lanciano,Novara
2015,Serie B,23-Apr-16,1,1,Bari,Modena
2015,Serie B,23-Apr-16,1,1,Cagliari,Virtus Lanciano
2015,Serie B,23-Apr-16,2,0,Crotone,Como
2015,Serie B,23-Apr-16,2,1,Pescara,Brescia
2015,Serie B,23-Apr-16,1,1,Pro Vercelli,Avellino
2015,Serie B,23-Apr-16,1,3,Ternana,Ascoli
2015,Serie B,23-Apr-16,2,1,Trapani,Cesena
2015,Serie B,23-Apr-16,0,3,Vicenza,Spezia
2015,Serie B,24-Apr-16,0,1,Latina,Virtus Entella
2015,Serie B,24-Apr-16,3,1,Salernitana,Livorno
2015,Serie B,25-Apr-16,2,2,Novara,Perugia
2015,Serie B,29-Apr-16,1,1,Modena,Crotone
2015,Serie B,30-Apr-16,2,2,Ascoli,Salernitana
2015,Serie B,30-Apr-16,0,1,Brescia,Vicenza
2015,Serie B,30-Apr-16,2,2,Cagliari,Livorno
2015,Serie B,30-Apr-16,0,0,Latina,Spezia
2015,Serie B,30-Apr-16,0,0,Perugia,Bari
2015,Serie B,30-Apr-16,0,0,Trapani,Novara
2015,Serie B,30-Apr-16,0,0,Virtus Entella,Pescara
2015,Serie B,30-Apr-16,1,2,Virtus Lanciano,Avellino
2015,Serie B,1-May-16,1,2,Como,Ternana
2015,Serie B,2-May-16,2,1,Cesena,Pro Vercelli
2015,Serie B,6-May-16,0,3,Bari,Cagliari
2015,Serie B,7-May-16,1,1,Avellino,Como
2015,Serie B,7-May-16,1,1,Crotone,Latina
2015,Serie B,7-May-16,1,1,Livorno,Perugia
2015,Serie B,7-May-16,2,0,Novara,Ascoli
2015,Serie B,7-May-16,1,1,Pro Vercelli,Trapani
2015,Serie B,7-May-16,0,0,Salernitana,Modena
2015,Serie B,7-May-16,1,1,Ternana,Cesena
2015,Serie B,7-May-16,2,1,Vicenza,Virtus Entella
2015,Serie B,8-May-16,4,0,Pescara,Virtus Lanciano
2015,Serie B,9-May-16,2,1,Spezia,Brescia
2015,Serie B,13-May-16,1,2,Perugia,Pro Vercelli
2015,Serie B,14-May-16,1,3,Ascoli,Livorno
2015,Serie B,14-May-16,2,3,Brescia,Bari
2015,Serie B,14-May-16,3,0,Cagliari,Salernitana
2015,Serie B,14-May-16,1,0,Cesena,Novara
2015,Serie B,14-May-16,2,1,Latina,Vicenza
2015,Serie B,14-May-16,2,5,Modena,Pescara
2015,Serie B,14-May-16,3,0,Trapani,Crotone
2015,Serie B,14-May-16,4,0,Virtus Entella,Avellino
2015,Serie B,14-May-16,1,1,Virtus Lanciano,Ternana
2015,Serie B,15-May-16,4,0,Como,Spezia
2015,Serie B,20-May-16,1,2,Avellino,Cesena
2015,Serie B,20-May-16,1,2,Bari,Trapani
2015,Serie B,20-May-16,1,0,Crotone,Virtus Entella
2015,Serie B,20-May-16,2,2,Livorno,Virtus Lanciano
2015,Serie B,20-May-16,4,0,Novara,Modena
2015,Serie B,20-May-16,1,1,Pescara,Latina
2015,Serie B,20-May-16,1,2,Pro Vercelli,Cagliari
2015,Serie B,20-May-16,1,0,Salernitana,Como
2015,Serie B,20-May-16,0,0,Spezia,Ascoli
2015,Serie B,20-May-16,3,2,Ternana,Brescia
2015,Serie B,20-May-16,0,0,Vicenza,Perugia
2016,Serie B,26-Aug-16,1,1,Spezia,Salernitana
2016,Serie B,27-Aug-16,1,1,Avellino,Brescia
2016,Serie B,27-Aug-16,1,2,Bari,Cittadella
2016,Serie B,27-Aug-16,2,0,Benevento,SPAL
2016,Serie B,27-Aug-16,2,0,Frosinone,Virtus Entella
2016,Serie B,27-Aug-16,4,1,Hellas Verona,Latina
2016,Serie B,27-Aug-16,1,1,Pro Vercelli,Ascoli
2016,Serie B,27-Aug-16,0,2,Vicenza,Carpi
2016,Serie B,28-Aug-16,2,2,Novara,Trapani
2016,Serie B,29-Aug-16,1,1,Cesena,Perugia
2016,Serie B,3-Sep-16,2,0,Brescia,Frosinone
2016,Serie B,3-Sep-16,2,0,Cittadella,Ternana
2016,Serie B,3-Sep-16,0,1,Perugia,Bari
2016,Serie B,4-Sep-16,1,1,Carpi,Benevento
2016,Serie B,4-Sep-16,0,0,Latina,Spezia
2016,Serie B,4-Sep-16,1,0,Pisa,Novara
2016,Serie B,4-Sep-16,1,1,Salernitana,Hellas Verona
2016,Serie B,4-Sep-16,3,0,SPAL,Vicenza
2016,Serie B,4-Sep-16,1,1,Trapani,Pro Vercelli
2016,Serie B,4-Sep-16,2,0,Virtus Entella,Avellino
2016,Serie B,7-Sep-16,1,0,Ternana,Pisa
2016,Serie B,9-Sep-16,1,0,Cesena,Carpi
2016,Serie B,10-Sep-16,1,1,Ascoli,SPAL
2016,Serie B,10-Sep-16,0,0,Avellino,Trapani
2016,Serie B,10-Sep-16,2,0,Benevento,Hellas Verona
2016,Serie B,10-Sep-16,1,1,Brescia,Perugia
2016,Serie B,10-Sep-16,2,1,Frosinone,Latina
2016,Serie B,10-Sep-16,1,0,Novara,Salernitana
2016,Serie B,10-Sep-16,1,5,Pro Vercelli,Cittadella
2016,Serie B,10-Sep-16,0,0,Vicenza,Bari
2016,Serie B,11-Sep-16,1,1,Ternana,Spezia
2016,Serie B,12-Sep-16,0,0,Virtus Entella,Pisa
2016,Serie B,16-Sep-16,2,1,Bari,Cesena
2016,Serie B,16-Sep-16,0,0,Carpi,Frosinone
2016,Serie B,16-Sep-16,2,3,Salernitana,Vicenza
2016,Serie B,17-Sep-16,3,1,Cittadella,Novara
2016,Serie B,17-Sep-16,3,1,Hellas Verona,Avellino
2016,Serie B,17-Sep-16,1,1,Latina,Benevento
2016,Serie B,17-Sep-16,1,1,Perugia,Ternana
2016,Serie B,17-Sep-16,1,0,Pisa,Brescia
2016,Serie B,17-Sep-16,2,2,SPAL,Virtus Entella
2016,Serie B,17-Sep-16,2,1,Spezia,Pro Vercelli
2016,Serie B,17-Sep-16,1,1,Trapani,Ascoli
2016,Serie B,19-Sep-16,0,0,Cesena,Salernitana
2016,Serie B,20-Sep-16,2,0,Ascoli,Vicenza
2016,Serie B,20-Sep-16,0,1,Avellino,Cittadella
2016,Serie B,20-Sep-16,1,1,Benevento,Pro Vercelli
2016,Serie B,20-Sep-16,2,2,Brescia,Carpi
2016,Serie B,20-Sep-16,0,0,Frosinone,Pisa
2016,Serie B,20-Sep-16,2,2,Novara,Latina
2016,Serie B,20-Sep-16,1,3,SPAL,Hellas Verona
2016,Serie B,20-Sep-16,0,0,Ternana,Bari
2016,Serie B,20-Sep-16,0,0,Trapani,Spezia
2016,Serie B,20-Sep-16,2,1,Virtus Entella,Perugia
2016,Serie B,24-Sep-16,0,4,Bari,Benevento
2016,Serie B,24-Sep-16,2,1,Carpi,Virtus Entella
2016,Serie B,24-Sep-16,0,3,Cittadella,Brescia
2016,Serie B,24-Sep-16,1,1,Latina,Ternana
2016,Serie B,24-Sep-16,2,1,Pisa,Ascoli
2016,Serie B,24-Sep-16,1,0,Pro Vercelli,Cesena
2016,Serie B,24-Sep-16,2,0,Salernitana,Trapani
2016,Serie B,24-Sep-16,1,0,Spezia,Novara
2016,Serie B,24-Sep-16,0,0,Vicenza,Avellino
2016,Serie B,25-Sep-16,2,0,Hellas Verona,Frosinone
2016,Serie B,26-Sep-16,1,0,Perugia,SPAL
2016,Serie B,27-Sep-16,0,0,Ascoli,Cesena
2016,Serie B,30-Sep-16,1,1,Brescia,Bari
2016,Serie B,1-Oct-16,3,2,Avellino,Pro Vercelli
2016,Serie B,1-Oct-16,1,0,Benevento,Novara
2016,Serie B,1-Oct-16,1,2,Frosinone,Perugia
2016,Serie B,1-Oct-16,3,2,SPAL,Salernitana
2016,Serie B,1-Oct-16,0,3,Ternana,Hellas Verona
2016,Serie B,1-Oct-16,0,2,Trapani,Cittadella
2016,Serie B,1-Oct-16,4,1,Virtus Entella,Vicenza
2016,Serie B,2-Oct-16,0,2,Ascoli,Spezia
2016,Serie B,2-Oct-16,2,2,Cesena,Latina
2016,Serie B,3-Oct-16,1,1,Carpi,Pisa
2016,Serie B,8-Oct-16,2,3,Cittadella,Frosinone
2016,Serie B,8-Oct-16,1,0,Novara,Ascoli
2016,Serie B,9-Oct-16,1,1,Bari,Virtus Entella
2016,Serie B,9-Oct-16,2,2,Hellas Verona,Brescia
2016,Serie B,9-Oct-16,2,0,Latina,Trapani
2016,Serie B,9-Oct-16,3,0,Perugia,Avellino
2016,Serie B,9-Oct-16,0,1,Pisa,SPAL
2016,Serie B,9-Oct-16,1,0,Pro Vercelli,Ternana
2016,Serie B,9-Oct-16,2,1,Salernitana,Benevento
2016,Serie B,9-Oct-16,0,1,Spezia,Carpi
2016,Serie B,9-Oct-16,0,0,Vicenza,Cesena
2016,Serie B,14-Oct-16,1,1,Cesena,SPAL
2016,Serie B,15-Oct-16,1,4,Ascoli,Hellas Verona
2016,Serie B,15-Oct-16,1,0,Avellino,Spezia
2016,Serie B,15-Oct-16,1,1,Brescia,Salernitana
2016,Serie B,15-Oct-16,2,0,Carpi,Latina
2016,Serie B,15-Oct-16,2,0,Perugia,Cittadella
2016,Serie B,15-Oct-16,0,1,Pisa,Vicenza
2016,Serie B,15-Oct-16,3,2,Virtus Entella,Benevento
2016,Serie B,16-Oct-16,3,1,Frosinone,Bari
2016,Serie B,16-Oct-16,2,1,Pro Vercelli,Novara
2016,Serie B,17-Oct-16,2,2,Trapani,Ternana
2016,Serie B,21-Oct-16,0,1,Cittadella,Ascoli
2016,Serie B,21-Oct-16,2,0,Spezia,Brescia
2016,Serie B,22-Oct-16,3,0,Bari,Trapani
2016,Serie B,22-Oct-16,0,0,Benevento,Perugia
2016,Serie B,22-Oct-16,3,0,Hellas Verona,Pro Vercelli
2016,Serie B,22-Oct-16,1,1,Latina,Pisa
2016,Serie B,22-Oct-16,1,0,Novara,Avellino
2016,Serie B,22-Oct-16,1,1,Salernitana,Virtus Entella
2016,Serie B,22-Oct-16,3,1,SPAL,Carpi
2016,Serie B,22-Oct-16,1,1,Ternana,Cesena
2016,Serie B,22-Oct-16,1,1,Vicenza,Frosinone
2016,Serie B,24-Oct-16,1,1,Spezia,Cittadella
2016,Serie B,25-Oct-16,0,0,Ascoli,Salernitana
2016,Serie B,25-Oct-16,1,0,Avellino,Ternana
2016,Serie B,25-Oct-16,2,1,Brescia,Vicenza
2016,Serie B,25-Oct-16,0,1,Cesena,Virtus Entella
2016,Serie B,25-Oct-16,2,1,Frosinone,SPAL
2016,Serie B,25-Oct-16,1,0,Novara,Bari
2016,Serie B,25-Oct-16,0,2,Perugia,Carpi
2016,Serie B,25-Oct-16,0,0,Pisa,Hellas Verona
2016,Serie B,25-Oct-16,1,1,Pro Vercelli,Latina
2016,Serie B,25-Oct-16,1,0,Trapani,Benevento
2016,Serie B,29-Oct-16,2,0,Bari,Pro Vercelli
2016,Serie B,29-Oct-16,1,0,Benevento,Spezia
2016,Serie B,29-Oct-16,0,2,Carpi,Ascoli
2016,Serie B,29-Oct-16,2,1,Cittadella,Latina
2016,Serie B,29-Oct-16,2,1,Frosinone,Cesena
2016,Serie B,29-Oct-16,0,0,Salernitana,Pisa
2016,Serie B,29-Oct-16,4,3,Ternana,Novara
2016,Serie B,29-Oct-16,4,0,Virtus Entella,Brescia
2016,Serie B,30-Oct-16,2,0,Hellas Verona,Trapani
2016,Serie B,30-Oct-16,1,4,Vicenza,Perugia
2016,Serie B,31-Oct-16,3,0,SPAL,Avellino
2016,Serie B,4-Nov-16,3,2,Brescia,Cesena
2016,Serie B,5-Nov-16,2,0,Cittadella,Salernitana
2016,Serie B,5-Nov-16,2,1,Latina,Bari
2016,Serie B,5-Nov-16,0,1,Novara,SPAL
2016,Serie B,5-Nov-16,0,1,Pisa,Perugia
2016,Serie B,5-Nov-16,0,0,Pro Vercelli,Carpi
2016,Serie B,5-Nov-16,1,4,Spezia,Hellas Verona
2016,Serie B,5-Nov-16,0,1,Trapani,Vicenza
2016,Serie B,6-Nov-16,0,1,Avellino,Frosinone
2016,Serie B,7-Nov-16,0,1,Ternana,Benevento
2016,Serie B,12-Nov-16,3,2,SPAL,Brescia
2016,Serie B,12-Nov-16,0,1,Vicenza,Latina
2016,Serie B,13-Nov-16,1,1,Bari,Spezia
2016,Serie B,13-Nov-16,1,0,Benevento,Cittadella
2016,Serie B,13-Nov-16,1,1,Carpi,Avellino
2016,Serie B,13-Nov-16,2,0,Cesena,Pisa
2016,Serie B,13-Nov-16,3,1,Frosinone,Ascoli
2016,Serie B,13-Nov-16,0,4,Hellas Verona,Novara
2016,Serie B,13-Nov-16,1,1,Perugia,Trapani
2016,Serie B,13-Nov-16,4,2,Salernitana,Ternana
2016,Serie B,13-Nov-16,0,0,Virtus Entella,Pro Vercelli
2016,Serie B,18-Nov-16,5,1,Cittadella,Hellas Verona
2016,Serie B,19-Nov-16,1,0,Avellino,Pisa
2016,Serie B,19-Nov-16,2,0,Bari,Carpi
2016,Serie B,19-Nov-16,4,0,Benevento,Brescia
2016,Serie B,19-Nov-16,1,1,Latina,Salernitana
2016,Serie B,19-Nov-16,1,1,Pro Vercelli,Vicenza
2016,Serie B,19-Nov-16,1,0,Spezia,Cesena
2016,Serie B,19-Nov-16,3,0,Ternana,Virtus Entella
2016,Serie B,20-Nov-16,2,2,Ascoli,Perugia
2016,Serie B,20-Nov-16,1,2,Novara,Frosinone
2016,Serie B,21-Nov-16,1,1,Trapani,SPAL
2016,Serie B,25-Nov-16,1,1,Virtus Entella,Spezia
2016,Serie B,26-Nov-16,1,0,Brescia,Ascoli
2016,Serie B,26-Nov-16,2,0,Carpi,Cittadella
2016,Serie B,26-Nov-16,3,0,Cesena,Avellino
2016,Serie B,26-Nov-16,1,1,Frosinone,Ternana
2016,Serie B,26-Nov-16,0,0,Perugia,Novara
2016,Serie B,26-Nov-16,1,0,Pisa,Trapani
2016,Serie B,26-Nov-16,0,0,SPAL,Latina
2016,Serie B,26-Nov-16,0,0,Vicenza,Benevento
2016,Serie B,27-Nov-16,1,0,Hellas Verona,Bari
2016,Serie B,28-Nov-16,1,1,Salernitana,Pro Vercelli
2016,Serie B,2-Dec-16,0,1,Trapani,Carpi
2016,Serie B,3-Dec-16,1,2,Avellino,Ascoli
2016,Serie B,3-Dec-16,2,0,Bari,Salernitana
2016,Serie B,3-Dec-16,1,2,Cittadella,SPAL
2016,Serie B,3-Dec-16,1,1,Latina,Virtus Entella
2016,Serie B,3-Dec-16,2,1,Novara,Vicenza
2016,Serie B,3-Dec-16,0,0,Pro Vercelli,Pisa
2016,Serie B,3-Dec-16,0,0,Spezia,Frosinone
2016,Serie B,3-Dec-16,1,0,Ternana,Brescia
2016,Serie B,4-Dec-16,2,2,Hellas Verona,Perugia
2016,Serie B,5-Dec-16,2,1,Benevento,Cesena
2016,Serie B,9-Dec-16,0,0,Pisa,Bari
2016,Serie B,10-Dec-16,2,2,Ascoli,Latina
2016,Serie B,10-Dec-16,1,1,Avellino,Benevento
2016,Serie B,10-Dec-16,1,1,Carpi,Ternana
2016,Serie B,10-Dec-16,3,0,Cesena,Cittadella
2016,Serie B,10-Dec-16,1,3,Frosinone,Salernitana
2016,Serie B,10-Dec-16,1,0,Perugia,Pro Vercelli
2016,Serie B,10-Dec-16,2,1,SPAL,Spezia
2016,Serie B,10-Dec-16,1,0,Vicenza,Hellas Verona
2016,Serie B,10-Dec-16,2,2,Virtus Entella,Trapani
2016,Serie B,11-Dec-16,0,0,Brescia,Novara
2016,Serie B,13-Dec-16,2,1,Ascoli,Virtus Entella
2016,Serie B,16-Dec-16,1,4,Trapani,Frosinone
2016,Serie B,17-Dec-16,2,1,Bari,Avellino
2016,Serie B,17-Dec-16,1,0,Cittadella,Pisa
2016,Serie B,17-Dec-16,1,1,Latina,Brescia
2016,Serie B,17-Dec-16,3,1,Novara,Cesena
2016,Serie B,17-Dec-16,3,1,Pro Vercelli,SPAL
2016,Serie B,17-Dec-16,1,2,Salernitana,Carpi
2016,Serie B,17-Dec-16,2,1,Spezia,Perugia
2016,Serie B,17-Dec-16,1,2,Ternana,Vicenza
2016,Serie B,18-Dec-16,0,0,Benevento,Ascoli
2016,Serie B,19-Dec-16,1,0,Hellas Verona,Virtus Entella
2016,Serie B,24-Dec-16,1,1,Ascoli,Bari
2016,Serie B,24-Dec-16,3,2,Avellino,Salernitana
2016,Serie B,24-Dec-16,2,1,Brescia,Pro Vercelli
2016,Serie B,24-Dec-16,1,1,Carpi,Hellas Verona
2016,Serie B,24-Dec-16,3,1,Cesena,Trapani
2016,Serie B,24-Dec-16,3,2,Frosinone,Benevento
2016,Serie B,24-Dec-16,1,1,Perugia,Latina
2016,Serie B,24-Dec-16,0,0,Pisa,Spezia
2016,Serie B,24-Dec-16,4,0,SPAL,Ternana
2016,Serie B,24-Dec-16,2,0,Vicenza,Cittadella
2016,Serie B,24-Dec-16,4,1,Virtus Entella,Novara
2016,Serie B,28-Dec-16,0,0,Spezia,Vicenza
2016,Serie B,29-Dec-16,1,1,Bari,SPAL
2016,Serie B,30-Dec-16,1,0,Benevento,Pisa
2016,Serie B,30-Dec-16,2,1,Cittadella,Virtus Entella
2016,Serie B,30-Dec-16,3,0,Hellas Verona,Cesena
2016,Serie B,30-Dec-16,0,0,Latina,Avellino
2016,Serie B,30-Dec-16,2,1,Novara,Carpi
2016,Serie B,30-Dec-16,2,0,Pro Vercelli,Frosinone
2016,Serie B,30-Dec-16,2,1,Salernitana,Perugia
2016,Serie B,30-Dec-16,0,1,Ternana,Ascoli
2016,Serie B,30-Dec-16,0,0,Trapani,Brescia
2016,Serie B,21-Jan-17,0,2,Brescia,Avellino
2016,Serie B,21-Jan-17,0,0,Carpi,Vicenza
2016,Serie B,21-Jan-17,2,0,Cittadella,Bari
2016,Serie B,21-Jan-17,2,0,Latina,Hellas Verona
2016,Serie B,21-Jan-17,1,0,Pisa,Ternana
2016,Serie B,21-Jan-17,2,0,SPAL,Benevento
2016,Serie B,21-Jan-17,2,1,Trapani,Novara
2016,Serie B,21-Jan-17,2,1,Virtus Entella,Frosinone
2016,Serie B,22-Jan-17,1,0,Salernitana,Spezia
2016,Serie B,23-Jan-17,3,3,Perugia,Cesena
2016,Serie B,27-Jan-17,1,0,Frosinone,Brescia
2016,Serie B,28-Jan-17,2,2,Avellino,Virtus Entella
2016,Serie B,28-Jan-17,0,0,Bari,Perugia
2016,Serie B,28-Jan-17,3,0,Benevento,Carpi
2016,Serie B,28-Jan-17,2,2,Cesena,Ascoli
2016,Serie B,28-Jan-17,1,1,Novara,Pisa
2016,Serie B,28-Jan-17,1,3,Pro Vercelli,Trapani
2016,Serie B,28-Jan-17,1,0,Ternana,Cittadella
2016,Serie B,28-Jan-17,1,1,Vicenza,SPAL
2016,Serie B,29-Jan-17,2,0,Hellas Verona,Salernitana
2016,Serie B,30-Jan-17,3,2,Spezia,Latina
2016,Serie B,3-Feb-17,2,2,Hellas Verona,Benevento
2016,Serie B,4-Feb-17,2,1,Bari,Vicenza
2016,Serie B,4-Feb-17,0,0,Cittadella,Pro Vercelli
2016,Serie B,4-Feb-17,0,1,Latina,Frosinone
2016,Serie B,4-Feb-17,3,2,Perugia,Brescia
2016,Serie B,4-Feb-17,1,1,Pisa,Virtus Entella
2016,Serie B,4-Feb-17,0,0,Salernitana,Novara
2016,Serie B,4-Feb-17,1,1,SPAL,Ascoli
2016,Serie B,4-Feb-17,2,0,Spezia,Ternana
2016,Serie B,5-Feb-17,1,2,Carpi,Cesena
2016,Serie B,6-Feb-17,0,0,Trapani,Avellino
2016,Serie B,10-Feb-17,0,1,Vicenza,Salernitana
2016,Serie B,11-Feb-17,2,2,Ascoli,Trapani
2016,Serie B,11-Feb-17,2,0,Avellino,Hellas Verona
2016,Serie B,11-Feb-17,2,1,Benevento,Latina
2016,Serie B,11-Feb-17,1,1,Brescia,Pisa
2016,Serie B,11-Feb-17,1,1,Cesena,Bari
2016,Serie B,11-Feb-17,1,0,Frosinone,Carpi
2016,Serie B,11-Feb-17,1,1,Novara,Cittadella
2016,Serie B,11-Feb-17,0,2,Pro Vercelli,Spezia
2016,Serie B,11-Feb-17,0,3,Virtus Entella,SPAL
2016,Serie B,12-Feb-17,0,1,Ternana,Perugia
2016,Serie B,14-Feb-17,3,1,Ascoli,Pro Vercelli
2016,Serie B,17-Feb-17,0,1,Latina,Novara
2016,Serie B,18-Feb-17,3,1,Bari,Ternana
2016,Serie B,18-Feb-17,2,1,Carpi,Brescia
2016,Serie B,18-Feb-17,1,3,Cittadella,Avellino
2016,Serie B,18-Feb-17,0,0,Perugia,Virtus Entella
2016,Serie B,18-Feb-17,0,1,Pro Vercelli,Benevento
2016,Serie B,18-Feb-17,1,1,Salernitana,Cesena
2016,Serie B,18-Feb-17,2,2,Spezia,Trapani
2016,Serie B,18-Feb-17,1,1,Vicenza,Ascoli
2016,Serie B,19-Feb-17,0,0,Pisa,Frosinone
2016,Serie B,20-Feb-17,0,0,Hellas Verona,SPAL
2016,Serie B,24-Feb-17,3,4,Benevento,Bari
2016,Serie B,24-Feb-17,4,1,Brescia,Cittadella
2016,Serie B,25-Feb-17,2,4,Ascoli,Pisa
2016,Serie B,25-Feb-17,3,1,Avellino,Vicenza
2016,Serie B,25-Feb-17,1,2,Cesena,Pro Vercelli
2016,Serie B,25-Feb-17,1,0,Frosinone,Hellas Verona
2016,Serie B,25-Feb-17,2,1,Novara,Spezia
2016,Serie B,25-Feb-17,2,0,SPAL,Perugia
2016,Serie B,25-Feb-17,0,1,Ternana,Latina
2016,Serie B,25-Feb-17,1,0,Trapani,Salernitana
2016,Serie B,25-Feb-17,2,0,Virtus Entella,Carpi
2016,Serie B,27-Feb-17,2,0,Bari,Brescia
2016,Serie B,28-Feb-17,3,2,Cittadella,Trapani
2016,Serie B,28-Feb-17,2,0,Hellas Verona,Ternana
2016,Serie B,28-Feb-17,1,1,Latina,Cesena
2016,Serie B,28-Feb-17,1,0,Novara,Benevento
2016,Serie B,28-Feb-17,1,1,Perugia,Frosinone
2016,Serie B,28-Feb-17,0,0,Pisa,Carpi
2016,Serie B,28-Feb-17,1,1,Pro Vercelli,Avellino
2016,Serie B,28-Feb-17,1,2,Salernitana,SPAL
2016,Serie B,28-Feb-17,2,1,Spezia,Ascoli
2016,Serie B,28-Feb-17,2,2,Vicenza,Virtus Entella
2016,Serie B,4-Mar-17,1,2,Ascoli,Novara
2016,Serie B,4-Mar-17,0,5,Avellino,Perugia
2016,Serie B,4-Mar-17,1,0,Carpi,Spezia
2016,Serie B,4-Mar-17,1,1,Cesena,Vicenza
2016,Serie B,4-Mar-17,1,1,SPAL,Pisa
2016,Serie B,4-Mar-17,1,2,Ternana,Pro Vercelli
2016,Serie B,4-Mar-17,1,1,Trapani,Latina
2016,Serie B,4-Mar-17,2,0,Virtus Entella,Bari
2016,Serie B,5-Mar-17,1,1,Benevento,Salernitana
2016,Serie B,5-Mar-17,0,1,Brescia,Hellas Verona
2016,Serie B,6-Mar-17,1,1,Frosinone,Cittadella
2016,Serie B,11-Mar-17,1,0,Bari,Frosinone
2016,Serie B,11-Mar-17,0,0,Benevento,Virtus Entella
2016,Serie B,11-Mar-17,1,1,Cittadella,Perugia
2016,Serie B,11-Mar-17,0,1,Latina,Carpi
2016,Serie B,11-Mar-17,2,0,Salernitana,Brescia
2016,Serie B,11-Mar-17,2,0,SPAL,Cesena
2016,Serie B,11-Mar-17,2,1,Spezia,Avellino
2016,Serie B,12-Mar-17,0,0,Novara,Pro Vercelli
2016,Serie B,12-Mar-17,2,1,Ternana,Trapani
2016,Serie B,12-Mar-17,2,1,Vicenza,Pisa
2016,Serie B,13-Mar-17,0,0,Hellas Verona,Ascoli
2016,Serie B,17-Mar-17,3,1,Perugia,Benevento
2016,Serie B,18-Mar-17,2,1,Ascoli,Cittadella
2016,Serie B,18-Mar-17,1,1,Avellino,Novara
2016,Serie B,18-Mar-17,1,1,Brescia,Spezia
2016,Serie B,18-Mar-17,1,4,Carpi,SPAL
2016,Serie B,18-Mar-17,3,1,Frosinone,Vicenza
2016,Serie B,18-Mar-17,1,1,Pisa,Latina
2016,Serie B,18-Mar-17,1,1,Pro Vercelli,Hellas Verona
2016,Serie B,18-Mar-17,4,0,Trapani,Bari
2016,Serie B,19-Mar-17,1,0,Cesena,Ternana
2016,Serie B,20-Mar-17,0,1,Virtus Entella,Salernitana
2016,Serie B,25-Mar-17,1,3,Benevento,Trapani
2016,Serie B,25-Mar-17,1,0,Cittadella,Spezia
2016,Serie B,26-Mar-17,0,0,Bari,Novara
2016,Serie B,26-Mar-17,0,0,Carpi,Perugia
2016,Serie B,26-Mar-17,1,1,Hellas Verona,Pisa
2016,Serie B,26-Mar-17,0,0,Latina,Pro Vercelli
2016,Serie B,26-Mar-17,2,0,Salernitana,Ascoli
2016,Serie B,26-Mar-17,0,2,SPAL,Frosinone
2016,Serie B,26-Mar-17,4,1,Ternana,Avellino
2016,Serie B,26-Mar-17,1,1,Vicenza,Brescia
2016,Serie B,26-Mar-17,2,1,Virtus Entella,Cesena
2016,Serie B,31-Mar-17,1,0,Avellino,SPAL
2016,Serie B,31-Mar-17,1,1,Cesena,Frosinone
2016,Serie B,1-Apr-17,1,2,Ascoli,Carpi
2016,Serie B,1-Apr-17,2,2,Brescia,Virtus Entella
2016,Serie B,1-Apr-17,0,2,Latina,Cittadella
2016,Serie B,1-Apr-17,1,2,Novara,Ternana
2016,Serie B,1-Apr-17,1,0,Perugia,Vicenza
2016,Serie B,1-Apr-17,0,1,Pisa,Salernitana
2016,Serie B,1-Apr-17,1,0,Pro Vercelli,Bari
2016,Serie B,1-Apr-17,1,3,Spezia,Benevento
2016,Serie B,1-Apr-17,0,2,Trapani,Hellas Verona
2016,Serie B,3-Apr-17,1,1,Frosinone,Avellino
2016,Serie B,4-Apr-17,2,0,Bari,Latina
2016,Serie B,4-Apr-17,2,1,Benevento,Ternana
2016,Serie B,4-Apr-17,0,0,Carpi,Pro Vercelli
2016,Serie B,4-Apr-17,1,1,Cesena,Brescia
2016,Serie B,4-Apr-17,0,1,Hellas Verona,Spezia
2016,Serie B,4-Apr-17,2,2,Perugia,Pisa
2016,Serie B,4-Apr-17,0,0,Salernitana,Cittadella
2016,Serie B,4-Apr-17,2,0,SPAL,Novara
2016,Serie B,4-Apr-17,0,1,Vicenza,Trapani
2016,Serie B,4-Apr-17,2,1,Virtus Entella,Ascoli
2016,Serie B,8-Apr-17,1,1,Ascoli,Frosinone
2016,Serie B,8-Apr-17,1,0,Avellino,Carpi
2016,Serie B,8-Apr-17,1,0,Cittadella,Benevento
2016,Serie B,8-Apr-17,0,1,Latina,Vicenza
2016,Serie B,8-Apr-17,0,1,Pisa,Cesena
2016,Serie B,8-Apr-17,1,0,Pro Vercelli,Virtus Entella
2016,Serie B,8-Apr-17,1,0,Spezia,Bari
2016,Serie B,8-Apr-17,1,0,Ternana,Salernitana
2016,Serie B,8-Apr-17,3,0,Trapani,Perugia
2016,Serie B,9-Apr-17,1,3,Brescia,SPAL
2016,Serie B,10-Apr-17,2,2,Novara,Hellas Verona
2016,Serie B,17-Apr-17,1,0,Brescia,Benevento
2016,Serie B,17-Apr-17,2,0,Carpi,Bari
2016,Serie B,17-Apr-17,1,0,Cesena,Spezia
2016,Serie B,17-Apr-17,2,3,Frosinone,Novara
2016,Serie B,17-Apr-17,2,0,Hellas Verona,Cittadella
2016,Serie B,17-Apr-17,0,0,Perugia,Ascoli
2016,Serie B,17-Apr-17,0,1,Pisa,Avellino
2016,Serie B,17-Apr-17,2,1,Salernitana,Latina
2016,Serie B,17-Apr-17,2,1,SPAL,Trapani
2016,Serie B,17-Apr-17,0,1,Vicenza,Pro Vercelli
2016,Serie B,17-Apr-17,1,1,Virtus Entella,Ternana
2016,Serie B,21-Apr-17,0,0,Benevento,Vicenza
2016,Serie B,21-Apr-17,0,1,Novara,Perugia
2016,Serie B,22-Apr-17,0,0,Ascoli,Brescia
2016,Serie B,22-Apr-17,1,1,Avellino,Cesena
2016,Serie B,22-Apr-17,0,2,Bari,Hellas Verona
2016,Serie B,22-Apr-17,4,1,Cittadella,Carpi
2016,Serie B,22-Apr-17,1,2,Latina,SPAL
2016,Serie B,22-Apr-17,0,0,Pro Vercelli,Salernitana
2016,Serie B,22-Apr-17,2,0,Spezia,Virtus Entella
2016,Serie B,22-Apr-17,2,0,Ternana,Frosinone
2016,Serie B,22-Apr-17,1,0,Trapani,Pisa
2016,Serie B,24-Apr-17,3,1,Vicenza,Novara
2016,Serie B,25-Apr-17,2,0,Ascoli,Avellino
2016,Serie B,25-Apr-17,2,1,Brescia,Ternana
2016,Serie B,25-Apr-17,2,1,Carpi,Trapani
2016,Serie B,25-Apr-17,4,1,Cesena,Benevento
2016,Serie B,25-Apr-17,2,0,Frosinone,Spezia
2016,Serie B,25-Apr-17,1,1,Perugia,Hellas Verona
2016,Serie B,25-Apr-17,1,1,Pisa,Pro Vercelli
2016,Serie B,25-Apr-17,0,0,Salernitana,Bari
2016,Serie B,25-Apr-17,2,1,SPAL,Cittadella
2016,Serie B,25-Apr-17,0,1,Virtus Entella,Latina
2016,Serie B,29-Apr-17,0,0,Bari,Pisa
2016,Serie B,29-Apr-17,2,3,Cittadella,Cesena
2016,Serie B,29-Apr-17,0,0,Latina,Ascoli
2016,Serie B,29-Apr-17,0,1,Pro Vercelli,Perugia
2016,Serie B,29-Apr-17,0,0,Spezia,SPAL
2016,Serie B,29-Apr-17,0,0,Ternana,Carpi
2016,Serie B,29-Apr-17,2,0,Trapani,Virtus Entella
2016,Serie B,30-Apr-17,2,3,Novara,Brescia
2016,Serie B,1-May-17,2,1,Benevento,Avellino
2016,Serie B,1-May-17,3,2,Hellas Verona,Vicenza
2016,Serie B,1-May-17,1,3,Salernitana,Frosinone
2016,Serie B,5-May-17,0,0,Perugia,Spezia
2016,Serie B,6-May-17,1,1,Ascoli,Benevento
2016,Serie B,6-May-17,1,1,Avellino,Bari
2016,Serie B,6-May-17,1,1,Brescia,Latina
2016,Serie B,6-May-17,2,0,Carpi,Salernitana
2016,Serie B,6-May-17,0,1,Cesena,Novara
2016,Serie B,6-May-17,1,0,Frosinone,Trapani
2016,Serie B,6-May-17,0,1,Vicenza,Ternana
2016,Serie B,6-May-17,1,2,Virtus Entella,Hellas Verona
2016,Serie B,7-May-17,0,0,SPAL,Pro Vercelli
2016,Serie B,8-May-17,1,4,Pisa,Cittadella
2016,Serie B,13-May-17,2,1,Benevento,Frosinone
2016,Serie B,13-May-17,2,0,Cittadella,Vicenza
2016,Serie B,13-May-17,1,1,Hellas Verona,Carpi
2016,Serie B,13-May-17,2,2,Latina,Perugia
2016,Serie B,13-May-17,2,0,Novara,Virtus Entella
2016,Serie B,13-May-17,2,2,Pro Vercelli,Brescia
2016,Serie B,13-May-17,2,0,Salernitana,Avellino
2016,Serie B,13-May-17,0,0,Spezia,Pisa
2016,Serie B,13-May-17,2,1,Ternana,SPAL
2016,Serie B,13-May-17,1,2,Trapani,Cesena
2016,Serie B,14-May-17,0,1,Bari,Ascoli
2016,Serie B,18-May-17,1,2,Ascoli,Ternana
2016,Serie B,18-May-17,2,1,Avellino,Latina
2016,Serie B,18-May-17,2,1,Brescia,Trapani
2016,Serie B,18-May-17,2,0,Carpi,Novara
2016,Serie B,18-May-17,0,0,Cesena,Hellas Verona
2016,Serie B,18-May-17,2,1,Frosinone,Pro Vercelli
2016,Serie B,18-May-17,3,2,Perugia,Salernitana
2016,Serie B,18-May-17,0,3,Pisa,Benevento
2016,Serie B,18-May-17,2,1,SPAL,Bari
2016,Serie B,18-May-17,0,1,Vicenza,Spezia
2016,Serie B,18-May-17,4,1,Virtus Entella,Cittadella
